run_name,script,wake_model,seed,iteration,phase,AEP [GWh],elapsed_sec,aep_bin_source,ss_bin_setup,gb_bin_setup,random_pct
SS_GB_seed1,RunSS_GB_FullBins,NOJ,1,0,SmartStart,712.5999260931526,138.59640239994042,SS bins,wd1deg_ws3-25_step1,wd1deg_ws3-25_step1,10
SS_GB_seed1,RunSS_GB_FullBins,NOJ,1,0,Gradient,712.5999260931526,138.59640239994042,GB bins,wd1deg_ws3-25_step1,wd1deg_ws3-25_step1,10
SS_GB_seed1,RunSS_GB_FullBins,NOJ,1,1,Gradient,712.5999260931526,156.14739645720923,GB bins,wd1deg_ws3-25_step1,wd1deg_ws3-25_step1,10
SS_GB_seed1,RunSS_GB_FullBins,NOJ,1,2,Gradient,712.5999260931526,173.69839051447804,GB bins,wd1deg_ws3-25_step1,wd1deg_ws3-25_step1,10
SS_GB_seed1,RunSS_GB_FullBins,NOJ,1,3,Gradient,712.5999417003596,191.24938457174687,GB bins,wd1deg_ws3-25_step1,wd1deg_ws3-25_step1,10
SS_GB_seed1,RunSS_GB_FullBins,NOJ,1,4,Gradient,712.6000197387355,208.80037862901568,GB bins,wd1deg_ws3-25_step1,wd1deg_ws3-25_step1,10
SS_GB_seed1,RunSS_GB_FullBins,NOJ,1,5,Gradient,712.6004098034778,226.3513726862845,GB bins,wd1deg_ws3-25_step1,wd1deg_ws3-25_step1,10
SS_GB_seed1,RunSS_GB_FullBins,NOJ,1,6,Gradient,712.6023567084076,243.90236674355333,GB bins,wd1deg_ws3-25_step1,wd1deg_ws3-25_step1,10
SS_GB_seed1,RunSS_GB_FullBins,NOJ,1,7,Gradient,712.6119919170503,261.4533608008221,GB bins,wd1deg_ws3-25_step1,wd1deg_ws3-25_step1,10
SS_GB_seed1,RunSS_GB_FullBins,NOJ,1,8,Gradient,712.6589725688436,279.00435485809095,GB bins,wd1deg_ws3-25_step1,wd1deg_ws3-25_step1,10
SS_GB_seed1,RunSS_GB_FullBins,NOJ,1,9,Gradient,712.8755025921199,296.5553489153598,GB bins,wd1deg_ws3-25_step1,wd1deg_ws3-25_step1,10
SS_GB_seed1,RunSS_GB_FullBins,NOJ,1,10,Gradient,713.5644808871023,314.10634297262857,GB bins,wd1deg_ws3-25_step1,wd1deg_ws3-25_step1,10
SS_GB_seed1,RunSS_GB_FullBins,NOJ,1,11,Gradient,713.8374541022004,331.6573370298974,GB bins,wd1deg_ws3-25_step1,wd1deg_ws3-25_step1,10
SS_GB_seed1,RunSS_GB_FullBins,NOJ,1,12,Gradient,713.8646631293157,349.20833108716624,GB bins,wd1deg_ws3-25_step1,wd1deg_ws3-25_step1,10
SS_GB_seed1,RunSS_GB_FullBins,NOJ,1,13,Gradient,713.865666769323,366.759325144435,GB bins,wd1deg_ws3-25_step1,wd1deg_ws3-25_step1,10
SS_GB_seed1,RunSS_GB_FullBins,NOJ,1,14,Gradient,713.8657842731475,384.31031920170386,GB bins,wd1deg_ws3-25_step1,wd1deg_ws3-25_step1,10
SS_GB_seed1,RunSS_GB_FullBins,NOJ,1,15,Gradient,713.8663617109238,401.86131325897264,GB bins,wd1deg_ws3-25_step1,wd1deg_ws3-25_step1,10
SS_GB_seed1,RunSS_GB_FullBins,NOJ,1,16,Gradient,713.8691826128072,419.4123073162415,GB bins,wd1deg_ws3-25_step1,wd1deg_ws3-25_step1,10
SS_GB_seed1,RunSS_GB_FullBins,NOJ,1,17,Gradient,713.8819861765514,436.9633013735103,GB bins,wd1deg_ws3-25_step1,wd1deg_ws3-25_step1,10
SS_GB_seed1,RunSS_GB_FullBins,NOJ,1,18,Gradient,713.9175849671467,454.5142954307791,GB bins,wd1deg_ws3-25_step1,wd1deg_ws3-25_step1,10
SS_GB_seed1,RunSS_GB_FullBins,NOJ,1,19,Gradient,713.9231121779773,472.06528948804794,GB bins,wd1deg_ws3-25_step1,wd1deg_ws3-25_step1,10
SS_GB_seed1,RunSS_GB_FullBins,NOJ,1,20,Gradient,713.925072870032,489.6162835453167,GB bins,wd1deg_ws3-25_step1,wd1deg_ws3-25_step1,10
SS_GB_seed1,RunSS_GB_FullBins,NOJ,1,21,Gradient,713.9282752103179,507.16727760258556,GB bins,wd1deg_ws3-25_step1,wd1deg_ws3-25_step1,10
SS_GB_seed1,RunSS_GB_FullBins,NOJ,1,22,Gradient,713.934369658043,524.7182716598544,GB bins,wd1deg_ws3-25_step1,wd1deg_ws3-25_step1,10
SS_GB_seed1,RunSS_GB_FullBins,NOJ,1,23,Gradient,713.9442136467386,542.2692657171232,GB bins,wd1deg_ws3-25_step1,wd1deg_ws3-25_step1,10
SS_GB_seed1,RunSS_GB_FullBins,NOJ,1,24,Gradient,713.9472877184494,559.8202597743921,GB bins,wd1deg_ws3-25_step1,wd1deg_ws3-25_step1,10
SS_GB_seed1,RunSS_GB_FullBins,NOJ,1,25,Gradient,713.947945172884,577.3712538316609,GB bins,wd1deg_ws3-25_step1,wd1deg_ws3-25_step1,10
SS_GB_seed1,RunSS_GB_FullBins,NOJ,1,26,Gradient,713.9478815059414,594.9222478889296,GB bins,wd1deg_ws3-25_step1,wd1deg_ws3-25_step1,10
SS_GB_seed1,RunSS_GB_FullBins,NOJ,1,27,Gradient,713.9483253688907,612.4732419461984,GB bins,wd1deg_ws3-25_step1,wd1deg_ws3-25_step1,10
SS_GB_seed1,RunSS_GB_FullBins,NOJ,1,28,Gradient,713.9482985026023,630.0242360034673,GB bins,wd1deg_ws3-25_step1,wd1deg_ws3-25_step1,10
SS_GB_seed1,RunSS_GB_FullBins,NOJ,1,29,Gradient,713.9484099527167,647.5752300607361,GB bins,wd1deg_ws3-25_step1,wd1deg_ws3-25_step1,10
SS_GB_seed1,RunSS_GB_FullBins,NOJ,1,30,Gradient,713.9484420508876,665.1262241180049,GB bins,wd1deg_ws3-25_step1,wd1deg_ws3-25_step1,10
SS_GB_seed1,RunSS_GB_FullBins,NOJ,1,31,Gradient,713.9484459505809,682.6772181752738,GB bins,wd1deg_ws3-25_step1,wd1deg_ws3-25_step1,10
SS_GB_seed1,RunSS_GB_FullBins,NOJ,1,32,Gradient,713.9484581743228,700.2282122325425,GB bins,wd1deg_ws3-25_step1,wd1deg_ws3-25_step1,10
SS_GB_seed1,RunSS_GB_FullBins,NOJ,1,33,Gradient,713.948524973578,717.7792062898113,GB bins,wd1deg_ws3-25_step1,wd1deg_ws3-25_step1,10
SS_GB_seed1,RunSS_GB_FullBins,NOJ,1,34,Gradient,713.9481559684367,735.3302003470802,GB bins,wd1deg_ws3-25_step1,wd1deg_ws3-25_step1,10
SS_GB_seed1,RunSS_GB_FullBins,NOJ,1,35,Gradient,713.9485635230894,752.881194404349,GB bins,wd1deg_ws3-25_step1,wd1deg_ws3-25_step1,10
SS_GB_seed1,RunSS_GB_FullBins,NOJ,1,36,Gradient,713.9486682616114,770.4321884616178,GB bins,wd1deg_ws3-25_step1,wd1deg_ws3-25_step1,10
SS_GB_seed1,RunSS_GB_FullBins,NOJ,1,37,Gradient,713.9487737622911,787.9831825188867,GB bins,wd1deg_ws3-25_step1,wd1deg_ws3-25_step1,10
SS_GB_seed1,RunSS_GB_FullBins,NOJ,1,38,Gradient,713.9490255356804,805.5341765761555,GB bins,wd1deg_ws3-25_step1,wd1deg_ws3-25_step1,10
SS_GB_seed1,RunSS_GB_FullBins,NOJ,1,39,Gradient,713.9504302491149,823.0851706334242,GB bins,wd1deg_ws3-25_step1,wd1deg_ws3-25_step1,10
SS_GB_seed1,RunSS_GB_FullBins,NOJ,1,40,Gradient,713.9549152118848,840.636164690693,GB bins,wd1deg_ws3-25_step1,wd1deg_ws3-25_step1,10
SS_GB_seed1,RunSS_GB_FullBins,NOJ,1,41,Gradient,713.9579714038975,858.1871587479619,GB bins,wd1deg_ws3-25_step1,wd1deg_ws3-25_step1,10
SS_GB_seed1,RunSS_GB_FullBins,NOJ,1,42,Gradient,713.9730882647559,875.7381528052307,GB bins,wd1deg_ws3-25_step1,wd1deg_ws3-25_step1,10
SS_GB_seed1,RunSS_GB_FullBins,NOJ,1,43,Gradient,714.0108981477144,893.2891468624995,GB bins,wd1deg_ws3-25_step1,wd1deg_ws3-25_step1,10
SS_GB_seed1,RunSS_GB_FullBins,NOJ,1,44,Gradient,714.1412465027715,910.8401409197684,GB bins,wd1deg_ws3-25_step1,wd1deg_ws3-25_step1,10
SS_GB_seed1,RunSS_GB_FullBins,NOJ,1,45,Gradient,714.4510468416263,928.3911349770372,GB bins,wd1deg_ws3-25_step1,wd1deg_ws3-25_step1,10
SS_GB_seed1,RunSS_GB_FullBins,NOJ,1,46,Gradient,714.45888424603,945.9421290343059,GB bins,wd1deg_ws3-25_step1,wd1deg_ws3-25_step1,10
SS_GB_seed1,RunSS_GB_FullBins,NOJ,1,47,Gradient,714.4627734202685,963.4931230915748,GB bins,wd1deg_ws3-25_step1,wd1deg_ws3-25_step1,10
SS_GB_seed1,RunSS_GB_FullBins,NOJ,1,48,Gradient,714.4633586664779,981.0441171488436,GB bins,wd1deg_ws3-25_step1,wd1deg_ws3-25_step1,10
SS_GB_seed1,RunSS_GB_FullBins,NOJ,1,49,Gradient,714.4634356992283,998.5951112061124,GB bins,wd1deg_ws3-25_step1,wd1deg_ws3-25_step1,10
SS_GB_seed1,RunSS_GB_FullBins,NOJ,1,50,Gradient,714.4634398806971,1016.1461052633813,GB bins,wd1deg_ws3-25_step1,wd1deg_ws3-25_step1,10
SS_GB_seed1,RunSS_GB_FullBins,NOJ,1,51,Gradient,714.4633817605638,1033.69709932065,GB bins,wd1deg_ws3-25_step1,wd1deg_ws3-25_step1,10
SS_GB_seed1,RunSS_GB_FullBins,NOJ,1,52,Gradient,714.4634464952951,1051.2480933779188,GB bins,wd1deg_ws3-25_step1,wd1deg_ws3-25_step1,10
SS_GB_seed1,RunSS_GB_FullBins,NOJ,1,53,Gradient,714.463451419713,1068.7990874351876,GB bins,wd1deg_ws3-25_step1,wd1deg_ws3-25_step1,10
SS_GB_seed1,RunSS_GB_FullBins,NOJ,1,54,Gradient,714.4634689485454,1086.3500814924564,GB bins,wd1deg_ws3-25_step1,wd1deg_ws3-25_step1,10
SS_GB_seed1,RunSS_GB_FullBins,NOJ,1,55,Gradient,714.4635658305306,1103.9010755497252,GB bins,wd1deg_ws3-25_step1,wd1deg_ws3-25_step1,10
SS_GB_seed1,RunSS_GB_FullBins,NOJ,1,56,Gradient,714.4640509909759,1121.4520696069942,GB bins,wd1deg_ws3-25_step1,wd1deg_ws3-25_step1,10
SS_GB_seed1,RunSS_GB_FullBins,NOJ,1,57,Gradient,714.4664944477082,1139.003063664263,GB bins,wd1deg_ws3-25_step1,wd1deg_ws3-25_step1,10
SS_GB_seed1,RunSS_GB_FullBins,NOJ,1,58,Gradient,714.4784137637348,1156.5540577215318,GB bins,wd1deg_ws3-25_step1,wd1deg_ws3-25_step1,10
SS_GB_seed1,RunSS_GB_FullBins,NOJ,1,59,Gradient,714.5299969952493,1174.1050517788005,GB bins,wd1deg_ws3-25_step1,wd1deg_ws3-25_step1,10
SS_GB_seed1,RunSS_GB_FullBins,NOJ,1,60,Gradient,714.6027492059113,1191.6560458360693,GB bins,wd1deg_ws3-25_step1,wd1deg_ws3-25_step1,10
SS_GB_seed1,RunSS_GB_FullBins,NOJ,1,61,Gradient,714.6251050575839,1209.2070398933383,GB bins,wd1deg_ws3-25_step1,wd1deg_ws3-25_step1,10
SS_GB_seed1,RunSS_GB_FullBins,NOJ,1,62,Gradient,714.635479875589,1226.7580339506071,GB bins,wd1deg_ws3-25_step1,wd1deg_ws3-25_step1,10
SS_GB_seed1,RunSS_GB_FullBins,NOJ,1,63,Gradient,714.6369044851106,1244.309028007876,GB bins,wd1deg_ws3-25_step1,wd1deg_ws3-25_step1,10
SS_GB_seed1,RunSS_GB_FullBins,NOJ,1,64,Gradient,714.6368487820829,1261.8600220651447,GB bins,wd1deg_ws3-25_step1,wd1deg_ws3-25_step1,10
SS_GB_seed1,RunSS_GB_FullBins,NOJ,1,65,Gradient,714.6370053938133,1279.4110161224135,GB bins,wd1deg_ws3-25_step1,wd1deg_ws3-25_step1,10
SS_GB_seed1,RunSS_GB_FullBins,NOJ,1,66,Gradient,714.6370687570247,1296.9620101796822,GB bins,wd1deg_ws3-25_step1,wd1deg_ws3-25_step1,10
SS_GB_seed1,RunSS_GB_FullBins,NOJ,1,67,Gradient,714.6370757318296,1314.513004236951,GB bins,wd1deg_ws3-25_step1,wd1deg_ws3-25_step1,10
SS_GB_seed1,RunSS_GB_FullBins,NOJ,1,68,Gradient,714.6370796694092,1332.06399829422,GB bins,wd1deg_ws3-25_step1,wd1deg_ws3-25_step1,10
SS_GB_seed1,RunSS_GB_FullBins,NOJ,1,69,Gradient,714.6370901709745,1349.6149923514888,GB bins,wd1deg_ws3-25_step1,wd1deg_ws3-25_step1,10
SS_GB_seed1,RunSS_GB_FullBins,NOJ,1,70,Gradient,714.6371741224204,1367.1659864087576,GB bins,wd1deg_ws3-25_step1,wd1deg_ws3-25_step1,10
SS_GB_seed1,RunSS_GB_FullBins,NOJ,1,71,Gradient,714.6349613079153,1384.7169804660264,GB bins,wd1deg_ws3-25_step1,wd1deg_ws3-25_step1,10
SS_GB_seed1,RunSS_GB_FullBins,NOJ,1,72,Gradient,714.6372300183898,1402.2679745232952,GB bins,wd1deg_ws3-25_step1,wd1deg_ws3-25_step1,10
SS_GB_seed1,RunSS_GB_FullBins,NOJ,1,73,Gradient,714.6326086707336,1419.818968580564,GB bins,wd1deg_ws3-25_step1,wd1deg_ws3-25_step1,10
SS_GB_seed1,RunSS_GB_FullBins,NOJ,1,74,Gradient,714.6373306265854,1437.369962637833,GB bins,wd1deg_ws3-25_step1,wd1deg_ws3-25_step1,10
SS_GB_seed1,RunSS_GB_FullBins,NOJ,1,75,Gradient,714.6374632310965,1454.9209566951017,GB bins,wd1deg_ws3-25_step1,wd1deg_ws3-25_step1,10
SS_GB_seed1,RunSS_GB_FullBins,NOJ,1,76,Gradient,714.6374680448332,1472.4719507523705,GB bins,wd1deg_ws3-25_step1,wd1deg_ws3-25_step1,10
SS_GB_seed1,RunSS_GB_FullBins,NOJ,1,77,Gradient,714.6375000514573,1490.0229448096393,GB bins,wd1deg_ws3-25_step1,wd1deg_ws3-25_step1,10
SS_GB_seed1,RunSS_GB_FullBins,NOJ,1,78,Gradient,714.6375462519985,1507.573938866908,GB bins,wd1deg_ws3-25_step1,wd1deg_ws3-25_step1,10
SS_GB_seed1,RunSS_GB_FullBins,NOJ,1,79,Gradient,714.6377201462834,1525.1249329241768,GB bins,wd1deg_ws3-25_step1,wd1deg_ws3-25_step1,10
SS_GB_seed1,RunSS_GB_FullBins,NOJ,1,80,Gradient,714.63822459013,1542.6759269814456,GB bins,wd1deg_ws3-25_step1,wd1deg_ws3-25_step1,10
SS_GB_seed1,RunSS_GB_FullBins,NOJ,1,81,Gradient,714.6395086483285,1560.2269210387146,GB bins,wd1deg_ws3-25_step1,wd1deg_ws3-25_step1,10
SS_GB_seed1,RunSS_GB_FullBins,NOJ,1,82,Gradient,714.6398910213428,1577.7779150959834,GB bins,wd1deg_ws3-25_step1,wd1deg_ws3-25_step1,10
SS_GB_seed1,RunSS_GB_FullBins,NOJ,1,83,Gradient,714.6403207828574,1595.3289091532522,GB bins,wd1deg_ws3-25_step1,wd1deg_ws3-25_step1,10
SS_GB_seed1,RunSS_GB_FullBins,NOJ,1,84,Gradient,714.6422047845581,1612.879903210521,GB bins,wd1deg_ws3-25_step1,wd1deg_ws3-25_step1,10
SS_GB_seed1,RunSS_GB_FullBins,NOJ,1,85,Gradient,714.642236549701,1630.4308972677898,GB bins,wd1deg_ws3-25_step1,wd1deg_ws3-25_step1,10
SS_GB_seed1,RunSS_GB_FullBins,NOJ,1,86,Gradient,714.6457148845349,1647.9818913250585,GB bins,wd1deg_ws3-25_step1,wd1deg_ws3-25_step1,10
SS_GB_seed1,RunSS_GB_FullBins,NOJ,1,87,Gradient,714.6480021592274,1665.5328853823275,GB bins,wd1deg_ws3-25_step1,wd1deg_ws3-25_step1,10
SS_GB_seed1,RunSS_GB_FullBins,NOJ,1,88,Gradient,714.6533021233336,1683.0838794395963,GB bins,wd1deg_ws3-25_step1,wd1deg_ws3-25_step1,10
SS_GB_seed1,RunSS_GB_FullBins,NOJ,1,89,Gradient,714.6572671612735,1700.634873496865,GB bins,wd1deg_ws3-25_step1,wd1deg_ws3-25_step1,10
SS_GB_seed1,RunSS_GB_FullBins,NOJ,1,90,Gradient,714.6745297595786,1718.185867554134,GB bins,wd1deg_ws3-25_step1,wd1deg_ws3-25_step1,10
SS_GB_seed1,RunSS_GB_FullBins,NOJ,1,91,Gradient,714.7082084408462,1735.7368616114027,GB bins,wd1deg_ws3-25_step1,wd1deg_ws3-25_step1,10
SS_GB_seed1,RunSS_GB_FullBins,NOJ,1,92,Gradient,714.7329073850876,1753.2878556686715,GB bins,wd1deg_ws3-25_step1,wd1deg_ws3-25_step1,10
SS_GB_seed1,RunSS_GB_FullBins,NOJ,1,93,Gradient,714.7690737028319,1770.8388497259405,GB bins,wd1deg_ws3-25_step1,wd1deg_ws3-25_step1,10
SS_GB_seed1,RunSS_GB_FullBins,NOJ,1,94,Gradient,714.7729575341777,1788.3898437832092,GB bins,wd1deg_ws3-25_step1,wd1deg_ws3-25_step1,10
SS_GB_seed1,RunSS_GB_FullBins,NOJ,1,95,Gradient,714.7744354313874,1805.940837840478,GB bins,wd1deg_ws3-25_step1,wd1deg_ws3-25_step1,10
SS_GB_seed1,RunSS_GB_FullBins,NOJ,1,96,Gradient,714.7755888437594,1823.4918318977468,GB bins,wd1deg_ws3-25_step1,wd1deg_ws3-25_step1,10
SS_GB_seed1,RunSS_GB_FullBins,NOJ,1,97,Gradient,714.7763378255746,1841.0428259550156,GB bins,wd1deg_ws3-25_step1,wd1deg_ws3-25_step1,10
SS_GB_seed1,RunSS_GB_FullBins,NOJ,1,98,Gradient,714.7764344294305,1858.5938200122844,GB bins,wd1deg_ws3-25_step1,wd1deg_ws3-25_step1,10
SS_GB_seed1,RunSS_GB_FullBins,NOJ,1,99,Gradient,714.7764569881208,1876.1448140695531,GB bins,wd1deg_ws3-25_step1,wd1deg_ws3-25_step1,10
SS_GB_seed1,RunSS_GB_FullBins,NOJ,1,100,Gradient,714.776483251693,1893.6958081268222,GB bins,wd1deg_ws3-25_step1,wd1deg_ws3-25_step1,10
SS_GB_seed1,RunSS_GB_FullBins,NOJ,1,101,Gradient,714.7766588111245,1911.246802184091,GB bins,wd1deg_ws3-25_step1,wd1deg_ws3-25_step1,10
SS_GB_seed1,RunSS_GB_FullBins,NOJ,1,102,Gradient,714.7774053932022,1928.7977962413597,GB bins,wd1deg_ws3-25_step1,wd1deg_ws3-25_step1,10
SS_GB_seed1,RunSS_GB_FullBins,NOJ,1,103,Gradient,714.7790613191606,1946.3487902986285,GB bins,wd1deg_ws3-25_step1,wd1deg_ws3-25_step1,10
SS_GB_seed1,RunSS_GB_FullBins,NOJ,1,104,Gradient,714.7810877116033,1963.8997843558973,GB bins,wd1deg_ws3-25_step1,wd1deg_ws3-25_step1,10
SS_GB_seed1,RunSS_GB_FullBins,NOJ,1,105,Gradient,714.7829731663351,1981.450778413166,GB bins,wd1deg_ws3-25_step1,wd1deg_ws3-25_step1,10
SS_GB_seed1,RunSS_GB_FullBins,NOJ,1,106,Gradient,714.7918779471499,1999.001772470435,GB bins,wd1deg_ws3-25_step1,wd1deg_ws3-25_step1,10
SS_GB_seed1,RunSS_GB_FullBins,NOJ,1,107,Gradient,714.7991937739005,2016.5527665277039,GB bins,wd1deg_ws3-25_step1,wd1deg_ws3-25_step1,10
SS_GB_seed1,RunSS_GB_FullBins,NOJ,1,108,Gradient,714.8004990367763,2034.1037605849726,GB bins,wd1deg_ws3-25_step1,wd1deg_ws3-25_step1,10
SS_GB_seed1,RunSS_GB_FullBins,NOJ,1,109,Gradient,714.8014678637417,2051.6547546422416,GB bins,wd1deg_ws3-25_step1,wd1deg_ws3-25_step1,10
SS_GB_seed1,RunSS_GB_FullBins,NOJ,1,110,Gradient,714.806861475993,2069.20574869951,GB bins,wd1deg_ws3-25_step1,wd1deg_ws3-25_step1,10
SS_GB_seed1,RunSS_GB_FullBins,NOJ,1,111,Gradient,714.8246116917089,2086.756742756779,GB bins,wd1deg_ws3-25_step1,wd1deg_ws3-25_step1,10
SS_GB_seed1,RunSS_GB_FullBins,NOJ,1,112,Gradient,714.8430431798164,2104.307736814048,GB bins,wd1deg_ws3-25_step1,wd1deg_ws3-25_step1,10
SS_GB_seed1,RunSS_GB_FullBins,NOJ,1,113,Gradient,714.8522918855201,2121.8587308713168,GB bins,wd1deg_ws3-25_step1,wd1deg_ws3-25_step1,10
SS_GB_seed1,RunSS_GB_FullBins,NOJ,1,114,Gradient,714.8537936489163,2139.4097249285855,GB bins,wd1deg_ws3-25_step1,wd1deg_ws3-25_step1,10
SS_GB_seed1,RunSS_GB_FullBins,NOJ,1,115,Gradient,714.8547475061969,2156.9607189858543,GB bins,wd1deg_ws3-25_step1,wd1deg_ws3-25_step1,10
SS_GB_seed1,RunSS_GB_FullBins,NOJ,1,116,Gradient,714.8533658994687,2174.511713043123,GB bins,wd1deg_ws3-25_step1,wd1deg_ws3-25_step1,10
SS_GB_seed1,RunSS_GB_FullBins,NOJ,1,117,Gradient,714.8556201942993,2192.062707100392,GB bins,wd1deg_ws3-25_step1,wd1deg_ws3-25_step1,10
SS_GB_seed1,RunSS_GB_FullBins,NOJ,1,118,Gradient,714.8476127871534,2209.6137011576607,GB bins,wd1deg_ws3-25_step1,wd1deg_ws3-25_step1,10
SS_GB_seed1,RunSS_GB_FullBins,NOJ,1,119,Gradient,714.8558648030796,2227.1646952149295,GB bins,wd1deg_ws3-25_step1,wd1deg_ws3-25_step1,10
SS_GB_seed1,RunSS_GB_FullBins,NOJ,1,120,Gradient,714.8524148390052,2244.7156892721982,GB bins,wd1deg_ws3-25_step1,wd1deg_ws3-25_step1,10
SS_GB_seed1,RunSS_GB_FullBins,NOJ,1,121,Gradient,714.8562931464018,2262.266683329467,GB bins,wd1deg_ws3-25_step1,wd1deg_ws3-25_step1,10
SS_GB_seed1,RunSS_GB_FullBins,NOJ,1,122,Gradient,714.8572492482338,2279.8176773867362,GB bins,wd1deg_ws3-25_step1,wd1deg_ws3-25_step1,10
SS_GB_seed1,RunSS_GB_FullBins,NOJ,1,123,Gradient,714.8572772991508,2297.368671444005,GB bins,wd1deg_ws3-25_step1,wd1deg_ws3-25_step1,10
SS_GB_seed1,RunSS_GB_FullBins,NOJ,1,124,Gradient,714.8573289942418,2314.919665501274,GB bins,wd1deg_ws3-25_step1,wd1deg_ws3-25_step1,10
SS_GB_seed1,RunSS_GB_FullBins,NOJ,1,125,Gradient,714.8573363138387,2332.4706595585426,GB bins,wd1deg_ws3-25_step1,wd1deg_ws3-25_step1,10
SS_GB_seed1,RunSS_GB_FullBins,NOJ,1,126,Gradient,714.857338960571,2350.0216536158114,GB bins,wd1deg_ws3-25_step1,wd1deg_ws3-25_step1,10
SS_GB_seed1,RunSS_GB_FullBins,NOJ,1,127,Gradient,714.8573386742373,2367.57264767308,GB bins,wd1deg_ws3-25_step1,wd1deg_ws3-25_step1,10
SS_GB_seed1,RunSS_GB_FullBins,NOJ,1,128,Gradient,714.8573427931298,2385.123641730349,GB bins,wd1deg_ws3-25_step1,wd1deg_ws3-25_step1,10
SS_GB_seed1,RunSS_GB_FullBins,NOJ,1,129,Gradient,714.8573612295847,2402.6746357876177,GB bins,wd1deg_ws3-25_step1,wd1deg_ws3-25_step1,10
SS_GB_seed1,RunSS_GB_FullBins,NOJ,1,130,Gradient,714.8574797441764,2420.2256298448865,GB bins,wd1deg_ws3-25_step1,wd1deg_ws3-25_step1,10
SS_GB_seed1,RunSS_GB_FullBins,NOJ,1,131,Gradient,714.8581902486771,2437.7766239021553,GB bins,wd1deg_ws3-25_step1,wd1deg_ws3-25_step1,10
SS_GB_seed1,RunSS_GB_FullBins,NOJ,1,132,Gradient,714.8620045875608,2455.327617959424,GB bins,wd1deg_ws3-25_step1,wd1deg_ws3-25_step1,10
SS_GB_seed1,RunSS_GB_FullBins,NOJ,1,133,Gradient,714.8803751126877,2472.878612016693,GB bins,wd1deg_ws3-25_step1,wd1deg_ws3-25_step1,10
SS_GB_seed1,RunSS_GB_FullBins,NOJ,1,134,Gradient,714.8909289767759,2490.4296060739616,GB bins,wd1deg_ws3-25_step1,wd1deg_ws3-25_step1,10
SS_GB_seed1,RunSS_GB_FullBins,NOJ,1,135,Gradient,714.9036286773527,2507.980600131231,GB bins,wd1deg_ws3-25_step1,wd1deg_ws3-25_step1,10
SS_GB_seed1,RunSS_GB_FullBins,NOJ,1,136,Gradient,714.9078283892277,2525.5315941884996,GB bins,wd1deg_ws3-25_step1,wd1deg_ws3-25_step1,10
SS_GB_seed1,RunSS_GB_FullBins,NOJ,1,137,Gradient,714.9159033485327,2543.0825882457684,GB bins,wd1deg_ws3-25_step1,wd1deg_ws3-25_step1,10
SS_GB_seed1,RunSS_GB_FullBins,NOJ,1,138,Gradient,714.9170902577789,2560.633582303037,GB bins,wd1deg_ws3-25_step1,wd1deg_ws3-25_step1,10
SS_GB_seed1,RunSS_GB_FullBins,NOJ,1,139,Gradient,714.9174272732571,2578.184576360306,GB bins,wd1deg_ws3-25_step1,wd1deg_ws3-25_step1,10
SS_GB_seed1,RunSS_GB_FullBins,NOJ,1,140,Gradient,714.9174596289209,2595.7355704175748,GB bins,wd1deg_ws3-25_step1,wd1deg_ws3-25_step1,10
SS_GB_seed1,RunSS_GB_FullBins,NOJ,1,141,Gradient,714.9175033207347,2613.2865644748435,GB bins,wd1deg_ws3-25_step1,wd1deg_ws3-25_step1,10
SS_GB_seed1,RunSS_GB_FullBins,NOJ,1,142,Gradient,714.9175690893248,2630.8375585321123,GB bins,wd1deg_ws3-25_step1,wd1deg_ws3-25_step1,10
SS_GB_seed1,RunSS_GB_FullBins,NOJ,1,143,Gradient,714.9175947272795,2648.388552589381,GB bins,wd1deg_ws3-25_step1,wd1deg_ws3-25_step1,10
SS_GB_seed1,RunSS_GB_FullBins,NOJ,1,144,Gradient,714.9176081259988,2665.93954664665,GB bins,wd1deg_ws3-25_step1,wd1deg_ws3-25_step1,10
SS_GB_seed1,RunSS_GB_FullBins,NOJ,1,145,Gradient,714.9176950808614,2683.4905407039187,GB bins,wd1deg_ws3-25_step1,wd1deg_ws3-25_step1,10
SS_GB_seed1,RunSS_GB_FullBins,NOJ,1,146,Gradient,714.9181711125168,2701.0415347611874,GB bins,wd1deg_ws3-25_step1,wd1deg_ws3-25_step1,10
SS_GB_seed1,RunSS_GB_FullBins,NOJ,1,147,Gradient,714.9189655383535,2718.5925288184562,GB bins,wd1deg_ws3-25_step1,wd1deg_ws3-25_step1,10
SS_GB_seed1,RunSS_GB_FullBins,NOJ,1,148,Gradient,714.9195678554706,2736.1435228757255,GB bins,wd1deg_ws3-25_step1,wd1deg_ws3-25_step1,10
SS_GB_seed1,RunSS_GB_FullBins,NOJ,1,149,Gradient,714.922445199227,2753.6945169329942,GB bins,wd1deg_ws3-25_step1,wd1deg_ws3-25_step1,10
SS_GB_seed1,RunSS_GB_FullBins,NOJ,1,150,Gradient,714.9351697485263,2771.245510990263,GB bins,wd1deg_ws3-25_step1,wd1deg_ws3-25_step1,10
SS_GB_seed1,RunSS_GB_FullBins,NOJ,1,151,Gradient,714.9480588174438,2788.796505047532,GB bins,wd1deg_ws3-25_step1,wd1deg_ws3-25_step1,10
SS_GB_seed1,RunSS_GB_FullBins,NOJ,1,152,Gradient,714.9776581385929,2806.3474991048006,GB bins,wd1deg_ws3-25_step1,wd1deg_ws3-25_step1,10
SS_GB_seed1,RunSS_GB_FullBins,NOJ,1,153,Gradient,714.9923118949042,2823.8984931620694,GB bins,wd1deg_ws3-25_step1,wd1deg_ws3-25_step1,10
SS_GB_seed1,RunSS_GB_FullBins,NOJ,1,154,Gradient,715.0294968262446,2841.449487219338,GB bins,wd1deg_ws3-25_step1,wd1deg_ws3-25_step1,10
SS_GB_seed1,RunSS_GB_FullBins,NOJ,1,155,Gradient,715.0439002533267,2859.000481276607,GB bins,wd1deg_ws3-25_step1,wd1deg_ws3-25_step1,10
SS_GB_seed1,RunSS_GB_FullBins,NOJ,1,156,Gradient,715.0521555868487,2876.5514753338757,GB bins,wd1deg_ws3-25_step1,wd1deg_ws3-25_step1,10
SS_GB_seed1,RunSS_GB_FullBins,NOJ,1,157,Gradient,715.0608564032741,2894.1024693911445,GB bins,wd1deg_ws3-25_step1,wd1deg_ws3-25_step1,10
SS_GB_seed1,RunSS_GB_FullBins,NOJ,1,158,Gradient,715.0624305629035,2911.6534634484133,GB bins,wd1deg_ws3-25_step1,wd1deg_ws3-25_step1,10
SS_GB_seed1,RunSS_GB_FullBins,NOJ,1,159,Gradient,715.0626336234013,2929.204457505682,GB bins,wd1deg_ws3-25_step1,wd1deg_ws3-25_step1,10
SS_GB_seed1,RunSS_GB_FullBins,NOJ,1,160,Gradient,715.0626489820822,2946.755451562951,GB bins,wd1deg_ws3-25_step1,wd1deg_ws3-25_step1,10
SS_GB_seed1,RunSS_GB_FullBins,NOJ,1,161,Gradient,715.0622619197663,2964.30644562022,GB bins,wd1deg_ws3-25_step1,wd1deg_ws3-25_step1,10
SS_GB_seed1,RunSS_GB_FullBins,NOJ,1,162,Gradient,715.062650975062,2981.857439677489,GB bins,wd1deg_ws3-25_step1,wd1deg_ws3-25_step1,10
SS_GB_seed1,RunSS_GB_FullBins,NOJ,1,163,Gradient,715.0626585814896,2999.4084337347576,GB bins,wd1deg_ws3-25_step1,wd1deg_ws3-25_step1,10
SS_GB_seed1,RunSS_GB_FullBins,NOJ,1,164,Gradient,715.0626731192716,3016.9594277920264,GB bins,wd1deg_ws3-25_step1,wd1deg_ws3-25_step1,10
SS_GB_seed1,RunSS_GB_FullBins,NOJ,1,165,Gradient,715.062697108732,3034.510421849295,GB bins,wd1deg_ws3-25_step1,wd1deg_ws3-25_step1,10
SS_GB_seed1,RunSS_GB_FullBins,NOJ,1,166,Gradient,715.0627641407862,3052.061415906564,GB bins,wd1deg_ws3-25_step1,wd1deg_ws3-25_step1,10
SS_GB_seed1,RunSS_GB_FullBins,NOJ,1,167,Gradient,715.0628685478309,3069.6124099638328,GB bins,wd1deg_ws3-25_step1,wd1deg_ws3-25_step1,10
SS_GB_seed1,RunSS_GB_FullBins,NOJ,1,168,Gradient,715.063269771177,3087.1634040211015,GB bins,wd1deg_ws3-25_step1,wd1deg_ws3-25_step1,10
SS_GB_seed1,RunSS_GB_FullBins,NOJ,1,169,Gradient,715.0638317495568,3104.7143980783703,GB bins,wd1deg_ws3-25_step1,wd1deg_ws3-25_step1,10
SS_GB_seed1,RunSS_GB_FullBins,NOJ,1,170,Gradient,715.0645309980729,3122.265392135639,GB bins,wd1deg_ws3-25_step1,wd1deg_ws3-25_step1,10
SS_GB_seed1,RunSS_GB_FullBins,NOJ,1,171,Gradient,715.0648856119797,3139.816386192908,GB bins,wd1deg_ws3-25_step1,wd1deg_ws3-25_step1,10
SS_GB_seed1,RunSS_GB_FullBins,NOJ,1,172,Gradient,715.0657590586977,3157.3673802501767,GB bins,wd1deg_ws3-25_step1,wd1deg_ws3-25_step1,10
SS_GB_seed1,RunSS_GB_FullBins,NOJ,1,173,Gradient,715.0693615904972,3174.918374307446,GB bins,wd1deg_ws3-25_step1,wd1deg_ws3-25_step1,10
SS_GB_seed1,RunSS_GB_FullBins,NOJ,1,174,Gradient,715.0789858905174,3192.4693683647147,GB bins,wd1deg_ws3-25_step1,wd1deg_ws3-25_step1,10
SS_GB_seed1,RunSS_GB_FullBins,NOJ,1,175,Gradient,715.0938236719769,3210.0203624219835,GB bins,wd1deg_ws3-25_step1,wd1deg_ws3-25_step1,10
SS_GB_seed1,RunSS_GB_FullBins,NOJ,1,176,Gradient,715.1055254252514,3227.5713564792522,GB bins,wd1deg_ws3-25_step1,wd1deg_ws3-25_step1,10
SS_GB_seed1,RunSS_GB_FullBins,NOJ,1,177,Gradient,715.1257467191267,3245.122350536521,GB bins,wd1deg_ws3-25_step1,wd1deg_ws3-25_step1,10
SS_GB_seed1,RunSS_GB_FullBins,NOJ,1,178,Gradient,715.128814355608,3262.67334459379,GB bins,wd1deg_ws3-25_step1,wd1deg_ws3-25_step1,10
SS_GB_seed1,RunSS_GB_FullBins,NOJ,1,179,Gradient,715.1331157007868,3280.2243386510586,GB bins,wd1deg_ws3-25_step1,wd1deg_ws3-25_step1,10
SS_GB_seed1,RunSS_GB_FullBins,NOJ,1,180,Gradient,715.1351858161622,3297.7753327083274,GB bins,wd1deg_ws3-25_step1,wd1deg_ws3-25_step1,10
SS_GB_seed1,RunSS_GB_FullBins,NOJ,1,181,Gradient,715.1354912873938,3315.326326765596,GB bins,wd1deg_ws3-25_step1,wd1deg_ws3-25_step1,10
SS_GB_seed1,RunSS_GB_FullBins,NOJ,1,182,Gradient,715.1336893775651,3332.877320822865,GB bins,wd1deg_ws3-25_step1,wd1deg_ws3-25_step1,10
SS_GB_seed1,RunSS_GB_FullBins,NOJ,1,183,Gradient,715.1354342743718,3350.4283148801337,GB bins,wd1deg_ws3-25_step1,wd1deg_ws3-25_step1,10
SS_GB_seed1,RunSS_GB_FullBins,NOJ,1,184,Gradient,715.1355952486176,3367.9793089374025,GB bins,wd1deg_ws3-25_step1,wd1deg_ws3-25_step1,10
SS_GB_seed1,RunSS_GB_FullBins,NOJ,1,185,Gradient,715.1356810315039,3385.5303029946713,GB bins,wd1deg_ws3-25_step1,wd1deg_ws3-25_step1,10
SS_GB_seed1,RunSS_GB_FullBins,NOJ,1,186,Gradient,715.1355532661063,3403.0812970519405,GB bins,wd1deg_ws3-25_step1,wd1deg_ws3-25_step1,10
SS_GB_seed1,RunSS_GB_FullBins,NOJ,1,187,Gradient,715.1357032663873,3420.6322911092093,GB bins,wd1deg_ws3-25_step1,wd1deg_ws3-25_step1,10
SS_GB_seed1,RunSS_GB_FullBins,NOJ,1,188,Gradient,715.1357154197439,3438.183285166478,GB bins,wd1deg_ws3-25_step1,wd1deg_ws3-25_step1,10
SS_GB_seed1,RunSS_GB_FullBins,NOJ,1,189,Gradient,715.1357881106102,3455.734279223747,GB bins,wd1deg_ws3-25_step1,wd1deg_ws3-25_step1,10
SS_GB_seed1,RunSS_GB_FullBins,NOJ,1,190,Gradient,715.1357164380263,3473.2852732810156,GB bins,wd1deg_ws3-25_step1,wd1deg_ws3-25_step1,10
SS_GB_seed1,RunSS_GB_FullBins,NOJ,1,191,Gradient,715.1357999129191,3490.8362673382844,GB bins,wd1deg_ws3-25_step1,wd1deg_ws3-25_step1,10
SS_GB_seed1,RunSS_GB_FullBins,NOJ,1,192,Gradient,715.1358148275059,3508.387261395553,GB bins,wd1deg_ws3-25_step1,wd1deg_ws3-25_step1,10
SS_GB_seed1,RunSS_GB_FullBins,NOJ,1,193,Gradient,715.1358966389831,3525.938255452822,GB bins,wd1deg_ws3-25_step1,wd1deg_ws3-25_step1,10
SS_GB_seed1,RunSS_GB_FullBins,NOJ,1,194,Gradient,715.1362382388511,3543.4892495100908,GB bins,wd1deg_ws3-25_step1,wd1deg_ws3-25_step1,10
SS_GB_seed1,RunSS_GB_FullBins,NOJ,1,195,Gradient,715.1367840970014,3561.0402435673595,GB bins,wd1deg_ws3-25_step1,wd1deg_ws3-25_step1,10
SS_GB_seed1,RunSS_GB_FullBins,NOJ,1,196,Gradient,715.1389764969418,3578.5912376246283,GB bins,wd1deg_ws3-25_step1,wd1deg_ws3-25_step1,10
SS_GB_seed1,RunSS_GB_FullBins,NOJ,1,197,Gradient,715.1386275560862,3596.142231681897,GB bins,wd1deg_ws3-25_step1,wd1deg_ws3-25_step1,10
SS_GB_seed1,RunSS_GB_FullBins,NOJ,1,198,Gradient,715.140408557806,3613.693225739166,GB bins,wd1deg_ws3-25_step1,wd1deg_ws3-25_step1,10
SS_GB_seed1,RunSS_GB_FullBins,NOJ,1,199,Gradient,715.1415768827627,3631.244219796435,GB bins,wd1deg_ws3-25_step1,wd1deg_ws3-25_step1,10
SS_GB_seed1,RunSS_GB_FullBins,NOJ,1,200,Gradient,715.1454928612201,3648.795213853704,GB bins,wd1deg_ws3-25_step1,wd1deg_ws3-25_step1,10
SS_GB_seed1,RunSS_GB_FullBins,NOJ,1,201,Gradient,715.1487439886691,3666.3462079109727,GB bins,wd1deg_ws3-25_step1,wd1deg_ws3-25_step1,10
SS_GB_seed1,RunSS_GB_FullBins,NOJ,1,202,Gradient,715.1525726506578,3683.8972019682415,GB bins,wd1deg_ws3-25_step1,wd1deg_ws3-25_step1,10
SS_GB_seed1,RunSS_GB_FullBins,NOJ,1,203,Gradient,715.1580418144757,3701.4481960255102,GB bins,wd1deg_ws3-25_step1,wd1deg_ws3-25_step1,10
SS_GB_seed1,RunSS_GB_FullBins,NOJ,1,204,Gradient,715.1741436077357,3718.999190082779,GB bins,wd1deg_ws3-25_step1,wd1deg_ws3-25_step1,10
SS_GB_seed1,RunSS_GB_FullBins,NOJ,1,205,Gradient,715.1887736324246,3736.550184140048,GB bins,wd1deg_ws3-25_step1,wd1deg_ws3-25_step1,10
SS_GB_seed1,RunSS_GB_FullBins,NOJ,1,206,Gradient,715.1921840897808,3754.1011781973166,GB bins,wd1deg_ws3-25_step1,wd1deg_ws3-25_step1,10
SS_GB_seed1,RunSS_GB_FullBins,NOJ,1,207,Gradient,715.1961259288123,3771.6521722545854,GB bins,wd1deg_ws3-25_step1,wd1deg_ws3-25_step1,10
SS_GB_seed1,RunSS_GB_FullBins,NOJ,1,208,Gradient,715.1959136383198,3789.203166311854,GB bins,wd1deg_ws3-25_step1,wd1deg_ws3-25_step1,10
SS_GB_seed1,RunSS_GB_FullBins,NOJ,1,209,Gradient,715.1961777855422,3806.754160369123,GB bins,wd1deg_ws3-25_step1,wd1deg_ws3-25_step1,10
SS_GB_seed1,RunSS_GB_FullBins,NOJ,1,210,Gradient,715.1963194291332,3824.3051544263917,GB bins,wd1deg_ws3-25_step1,wd1deg_ws3-25_step1,10
SS_GB_seed1,RunSS_GB_FullBins,NOJ,1,211,Gradient,715.1968425405344,3841.8561484836605,GB bins,wd1deg_ws3-25_step1,wd1deg_ws3-25_step1,10
SS_GB_seed1,RunSS_GB_FullBins,NOJ,1,212,Gradient,715.1971134577053,3859.4071425409297,GB bins,wd1deg_ws3-25_step1,wd1deg_ws3-25_step1,10
SS_GB_seed1,RunSS_GB_FullBins,NOJ,1,213,Gradient,715.1975452978897,3876.9581365981985,GB bins,wd1deg_ws3-25_step1,wd1deg_ws3-25_step1,10
SS_GB_seed1,RunSS_GB_FullBins,NOJ,1,214,Gradient,715.2006517718147,3894.5091306554673,GB bins,wd1deg_ws3-25_step1,wd1deg_ws3-25_step1,10
SS_GB_seed1,RunSS_GB_FullBins,NOJ,1,215,Gradient,715.2032812748234,3912.060124712736,GB bins,wd1deg_ws3-25_step1,wd1deg_ws3-25_step1,10
SS_GB_seed1,RunSS_GB_FullBins,NOJ,1,216,Gradient,715.2028156307613,3929.611118770005,GB bins,wd1deg_ws3-25_step1,wd1deg_ws3-25_step1,10
SS_GB_seed1,RunSS_GB_FullBins,NOJ,1,217,Gradient,715.203692711582,3947.1621128272736,GB bins,wd1deg_ws3-25_step1,wd1deg_ws3-25_step1,10
SS_GB_seed1,RunSS_GB_FullBins,NOJ,1,218,Gradient,715.2038353038782,3964.7131068845424,GB bins,wd1deg_ws3-25_step1,wd1deg_ws3-25_step1,10
SS_GB_seed1,RunSS_GB_FullBins,NOJ,1,219,Gradient,715.2038464253815,3982.264100941811,GB bins,wd1deg_ws3-25_step1,wd1deg_ws3-25_step1,10
SS_GB_seed1,RunSS_GB_FullBins,NOJ,1,220,Gradient,715.2038493920954,3999.81509499908,GB bins,wd1deg_ws3-25_step1,wd1deg_ws3-25_step1,10
SS_GB_seed1,RunSS_GB_FullBins,NOJ,1,221,Gradient,715.203853196598,4017.3660890563488,GB bins,wd1deg_ws3-25_step1,wd1deg_ws3-25_step1,10
SS_GB_seed1,RunSS_GB_FullBins,NOJ,1,222,Gradient,715.2038451721614,4034.9170831136175,GB bins,wd1deg_ws3-25_step1,wd1deg_ws3-25_step1,10
SS_GB_seed1,RunSS_GB_FullBins,NOJ,1,223,Gradient,715.2038571543914,4052.4680771708863,GB bins,wd1deg_ws3-25_step1,wd1deg_ws3-25_step1,10
SS_GB_seed1,RunSS_GB_FullBins,NOJ,1,224,Gradient,715.2038642693465,4070.0190712281556,GB bins,wd1deg_ws3-25_step1,wd1deg_ws3-25_step1,10
SS_GB_seed1,RunSS_GB_FullBins,NOJ,1,225,Gradient,715.2039051499366,4087.5700652854243,GB bins,wd1deg_ws3-25_step1,wd1deg_ws3-25_step1,10
SS_GB_seed1,RunSS_GB_FullBins,NOJ,1,226,Gradient,715.204129691859,4105.121059342693,GB bins,wd1deg_ws3-25_step1,wd1deg_ws3-25_step1,10
SS_GB_seed1,RunSS_GB_FullBins,NOJ,1,227,Gradient,715.2052529546654,4122.672053399961,GB bins,wd1deg_ws3-25_step1,wd1deg_ws3-25_step1,10
